Model,Return_Type,Log_Likelihood,AIC,BIC,Persistence,Annual_Vol_%
ARCH(1),Simple,-2397.059582117018,4798.119164234036,4807.770084306547,0.17899811784373826,52.77967793578732
ARCH(1),Log,-2388.171904038186,4780.343808076372,4789.994728148882,0.1711093952067798,52.1791988476925
"GARCH(1,1)",Simple,-2382.3938403336624,4770.787680667325,4785.26406077609,0.9305491180649628,52.96964579080637
"GARCH(1,1)",Log,-2373.4700064094404,4752.940012818881,4767.4163929276465,0.9372684893524819,52.25919834845607
