OPEX,Trades,Option_PnL,Hedge_PnL,Financing_PnL,Commission,Total_PnL,Net_Return
2025-04,2,-59199.1,35560.0,11931.267352005107,2001.0212999999999,-13708.853947994892,-1.9173222304887962
2025-06,1,-26100.0,23310.0,16603.879699066405,757.7580499999999,13056.121649066405,1.8466933025553613
2025-08,1,27336.6,-25190.0,14856.719313038117,515.99175,16487.327563038114,2.5882774824235657
2025-10,1,-132480.00000000003,70762.5,26733.145616421716,796.2986875,-35780.65307107831,-5.547388073035398
2025-12,3,46829.899999999965,7810.0,14267.56620786135,1256.4161,67651.05010786132,13.639324618520426
