OPEX,Trades,Option_PnL,Hedge_PnL,Financing_PnL,Commission,Total_PnL,Net_Return
2025-04,3,-7140.300000000003,5900.0,241.45627667790512,3135.2069000000006,-4134.0506233220985,-0.578188898366727
2025-06,2,-22302.0,19330.0,10190.0470581793,2100.93995,5117.1071081793,0.7237775259093776
2025-08,1,37256.59999999998,-4440.0,-726.0824357893272,731.5485999999999,31358.96896421065,4.92291506502522
2025-10,1,-57580.000000000015,-13845.0,9683.619581667688,1149.359025,-62890.73944333232,-9.75050223927633
2025-12,6,30859.599999999948,66960.0,-1653.4421920273453,5187.4832,90978.6746079726,18.342474719349315
