OPEX,Trades,Option_PnL,Hedge_PnL,Financing_PnL,Commission,Total_PnL,Num_Cycles,Net_Return
2025-04,2,-5919910.0,3574690.0,1195882.6770321918,199895.52855,-1349232.8515178082,2,-4.123649541977836
2025-06,1,-2610000.0,2339150.0,1668638.269137336,75326.99785,1322461.271287336,1,4.941539321282429
2025-08,1,2733660.0,-2530220.0,1494402.0495648682,51766.772099999995,1646075.2774648683,1,6.60585416389905
2025-10,1,-13248000.000000002,7074540.0,2669673.979689199,79604.1502,-3583390.170510803,1,-18.61296240156236
2025-12,3,4682989.999999996,812505.0,1417419.943911818,124597.31647500001,6788317.627436814,3,15.025552469641168
