OPEX,Trades,Option_PnL,Hedge_PnL,Financing_PnL,Commission,Total_PnL,Num_Cycles,Net_Return
2025-04,6,-532390.0000000002,-135940.0,-145536.541570487,309829.42190000013,-1123695.9634704874,6,-11.10368896274333
2025-06,3,2463340.0,-694750.0,47841.518521260674,197105.86105,1619325.6574712608,3,8.422768023301796
2025-08,1,4454999.999999998,-394340.0,-231037.86915969846,55866.73110000001,3773755.3997402997,1,29.94709254723218
2025-10,4,5081609.999999998,-6274490.0,-1319811.368295257,215417.38925000007,-2728108.757545259,4,-12.11071914032532
2025-12,6,30890.0,8710055.0,-321690.6022641608,440642.5176749999,7978611.8800608395,6,6.126445217488663
