OPEX,Trades,Option_PnL,Hedge_PnL,Financing_PnL,Commission,Total_PnL,Num_Cycles,Net_Return
2025-04,2,6636000.0,-5498890.0,-1278266.7100380152,179065.61095,-320222.32098801516,2,-0.6981767960138385
2025-06,1,8200000.0,-5066850.0,-1969619.2025977268,96209.58535,1067321.212052273,1,2.747788087944336
2025-08,1,991999.9999999981,2075040.0,-1572880.9371040743,84303.986,1409855.0768959238,1,4.094898826643312
2025-10,1,7490000.0,-8691212.5,-1853425.5999844056,77090.62343749999,-3131728.7234219057,1,-8.026205867706116
2025-12,4,-11800980.0,17858015.0,-2018588.132056085,420125.404275,3618321.463668915,4,6.865342186607792
