OPEX,Trades,Option_PnL,Hedge_PnL,Financing_PnL,Commission,Total_PnL,Num_Cycles,Net_Return
2025-04,3,-714030.0000000002,555460.0,22532.850830756255,313360.1108999999,-449397.2600692439,3,0.7830975960237074
2025-06,2,-2230200.0,1871980.0,1010108.2809724571,210854.02019999997,441034.2607724572,2,4.807087899395879
2025-08,1,3725659.999999998,-450310.0,-75475.69436327455,72816.53795000001,3127057.7676867237,1,31.39081461693758
2025-10,1,-5758000.000000002,-1406917.5,959897.136130225,114876.7803875,-6319897.144257277,1,-34.59283543004889
2025-12,6,3085959.9999999963,6762600.0,-151667.59157301352,519411.04909999995,9177481.359326983,6,1.9140366843705348
