OPEX,Trades,Option_PnL,Hedge_PnL,Financing_PnL,Commission,Total_PnL,Num_Cycles,Net_Return
2025-04,3,-37361.100000000006,30480.0,1928.6985165972728,11323.4922,-16275.893683402734,3,0.7426949770141356
2025-06,2,-44604.0,37000.0,20112.284691135672,4218.662600000001,8289.622091135672,2,4.6419643655751575
2025-08,1,111769.79999999994,-13650.0,-2227.1689372672377,2187.0288499999997,93705.6022127327,1,31.171616373660772
2025-10,1,-115160.00000000003,-28027.5,19157.46472754135,2297.3734374999995,-126327.40870995869,1,-34.65970960407192
2025-12,6,23398.59999999992,179705.0,-2939.851741955148,10952.502824999998,189211.24543304477,6,2.3276739676618474
