Strategy,Trades,Total_PnL,Total_Return
STRANGLE,20,254839.58429534888,21.055267144535005
SHORT_STOCK,1,153777.8808702499,15.472946709287106
CALL,9,51210.22661299081,4.833463900501632
STRADDLE,13,148603.1673435517,4.22424007983999
PUT,8,-28267.6768863427,3.54399154270968
LONG_STOCK,1,-156182.99787024994,-15.714946709287108
