Strategy,Trades,Total_PnL,Total_Return
CALL,9,51210.22661299081,4.833463900501632
PUT,8,-28267.6768863427,3.54399154270968
STRADDLE,13,148603.1673435517,4.22424007983999
STRANGLE,20,254839.58429534888,21.055267144535005
