OPEX,Trades,Option_PnL,Hedge_PnL,Financing_PnL,Commission,Total_PnL,Net_Return
2025-04,2,66360.0,-54970.0,-12764.645905208261,1801.2291500000001,-3175.875055208261,-0.4441783293997568
2025-06,1,82000.0,-50950.0,-19802.101996258847,971.2212499999999,10276.676753741152,1.4535610684216624
2025-08,1,9919.999999999982,20810.0,-15843.601792099867,848.5441500000001,14037.854057900115,2.2037447500628122
2025-10,1,74900.0,-86847.5,-18489.179063988417,766.3993624999999,-31203.078426488417,-4.8376865777501425
2025-12,4,-118009.8,178625.0,-20273.101017430236,4202.247724999999,36139.85125756976,7.2862603341874514
