Strategy,Trades,Total_PnL,Total_Return
STRANGLE,20,9519888.216256654,21.28189768495399
SHORT_STOCK,1,11063156.897140287,15.472946709287113
CALL,9,2643546.708207191,4.983646437475485
STRADDLE,13,5976278.983459642,4.302201366678807
PUT,8,4824231.154160407,3.8363340112824513
LONG_STOCK,1,-11236186.897140287,-15.714946709287114
