OPEX,Trades,Option_PnL,Hedge_PnL,Financing_PnL,Commission,Total_PnL,Num_Cycles,Net_Return
2025-04,2,-177597.3,107010.0,35848.32340323167,6005.01805,-40743.99464676832,2,-4.167260998636602
2025-06,1,-78300.0,70370.0,50086.62590578612,2265.20345,39891.422455786116,1,4.947876493757675
2025-08,1,82009.79999999999,-75940.0,44816.706895364194,1556.0035999999996,49330.503295364186,1,6.590209602866159
2025-10,1,-662400.0000000001,353595.0,133436.7617907903,3974.449725,-179342.68793420983,1,-18.593378525548765
2025-12,3,162499.69999999992,-88170.0,31958.61524348522,3691.2353,102597.07994348515,3,14.766544970271212
