OPEX,Trades,Option_PnL,Hedge_PnL,Financing_PnL,Commission,Total_PnL,Num_Cycles,Net_Return
2025-04,2,69960.0,-50650.0,-12999.474573701411,2327.1371499999996,3983.3882762985895,2,-0.7043143768973303
2025-06,1,82000.0,-50950.0,-19802.101996258847,971.2212499999999,10276.676753741152,1,2.6453968173228093
2025-08,1,19839.999999999964,41560.0,-31426.403540927316,1689.2354,28284.361059072646,1,4.116026798273964
2025-10,1,74900.0,-86847.5,-18489.179063988417,766.3993624999999,-31203.078426488417,1,-8.034517341466763
2025-12,4,-272009.8,340880.0,-23655.442399633168,5345.878649999998,39868.878950366845,4,6.810872003268953
