OPEX,Trades,Option_PnL,Hedge_PnL,Financing_PnL,Commission,Total_PnL,Num_Cycles,Net_Return
2025-04,6,-69763.79999999999,530.0,-6422.958140305057,15658.01455,-91314.77269030505,6,-11.103483375898648
2025-06,3,73900.20000000001,-20710.0,1381.6608057307296,5905.64945,48666.211355730746,3,8.502436179334904
2025-08,1,178199.99999999994,-15630.0,-9350.369399723195,2239.53175,150980.09885027676,1,29.907980046933513
2025-10,4,152448.29999999996,-188645.0,-39690.370294381144,6474.258374999999,-82361.32866938118,4,-12.094897569664608
2025-12,6,-10020.29999999993,261115.0,-10676.923425972464,11548.401125000002,228869.3754490276,6,5.843231863829845
